[{
	
	"name": "All Locations",
	"children": [{
		"name": "WorldMap",
		"color": "#b82800",
		"access_rules": [
			""
		],
		"children": [{
				"name": "Police Station",
				"access_rules": [
					"policebadge"
				],
				"sections": [{
					"name": "Police Boss",
					"chest_unopened_img": "images/kino.png",
					"chest_opened_img": "images/kiyes.png",
					"hosted_item": "twoson"
				}],
				"map_locations": [{
					"map": "WorldMap",
					"x": 118,
					"y": 166
				}]
			},
			{
				"name": "Town Hall",
				"access_rules": [
					""
				],
				"sections": [{
					"name": "Mayor's Gift",
					"chest_unopened_img": "images/kino.png",
					"chest_opened_img": "images/kiyes.png",
					"item_count": 1
				}],
				"map_locations": [{
					"map": "WorldMap",
					"x": 80,
					"y": 128
				}]
			},
			{
				"name": "Jeff",
				"access_rules": [
					"jeff"
				],
				"sections": [{
					"name": "Jeff's Item",
					"chest_unopened_img": "images/kino.png",
					"chest_opened_img": "images/kiyes.png",
					"item_count": 1
				}],
				"map_locations": [{
					"map": "WorldMap",
					"x": 889,
					"y": 755
				}]
			},
			{
				"name": "Poo",
				"access_rules": [
					"poo"
				],
				"sections": [{
					"name": "Poo's Item",
					"chest_unopened_img": "images/kino.png",
					"chest_opened_img": "images/kiyes.png",
					"item_count": 1
				}],
				"map_locations": [{
					"map": "WorldMap",
					"x": 889,
					"y": 665
				}]
			},
			{
				"name": "Hill Top",
				"access_rules": [
					""
				],
				"sections": [{
					"name": "Meteorite",
					"chest_unopened_img": "images/kino.png",
					"chest_opened_img": "images/kiyes.png",
					"item_count": 1
				}],
				"map_locations": [{
					"map": "WorldMap",
					"x": 123,
					"y": 14
				}]
			},
			{
				"name": "Pokey's House",
				"access_rules": [
					""
				],
				"sections": [{
					"name": "Buzz Buzz",
					"chest_unopened_img": "images/kino.png",
					"chest_opened_img": "images/kiyes.png",
					"item_count": 1

				}],
				"map_locations": [{
					"map": "WorldMap",
					"x": 154,
					"y": 32
				}]
			},
			{
				"name": "Onett Library",
				"access_rules": [
					""
				],
				"sections": [{
					"name": "Bookshelf",
					"chest_unopened_img": "images/kino.png",
					"chest_opened_img": "images/kiyes.png",
					"item_count": 1

				}],
				"map_locations": [{
					"map": "WorldMap",
					"x": 130,
					"y": 84
				}]
			},
			{
				"name": "Lier's House",
				"access_rules": [
					""
				],
				"sections": [{
					"name": "Lier's basement",
					"chest_unopened_img": "images/kino.png",
					"chest_opened_img": "images/kiyes.png",
					"item_count": 1

				}],
				"map_locations": [{
					"map": "WorldMap",
					"x": 98,
					"y": 8
				}]
			},

			{
				"name": "Traveling Entertainer's Shack",
				"access_rules": [
					"shackkey"
				],
				"sections": [{
					"name": "Giant Step",
					"chest_unopened_img": "images/kino.png",
					"chest_opened_img": "images/kiyes.png",
					"hosted_item": "giantstep"

				}],
				"map_locations": [{
					"map": "WorldMap",
					"x": 58,
					"y": 54
				}]
			},
			{
				"name": "Apple Kid in the Park",
				"access_rules": [
					"twoson", "mrsaturn, threed"
				],
				"sections": [{
					"name": "Apple Kid's Invention",
					"chest_unopened_img": "images/kino.png",
					"chest_opened_img": "images/kiyes.png",
					"item_count": 1

				}],
				"map_locations": [{
					"map": "WorldMap",
					"x": 277,
					"y": 134
				}]
			},
			{
				"name": "Burglin Park",
				"access_rules": [
					"paula,twoson", "paula,mrsaturn", "mrsaturn, paula, threed"
				],
				"sections": [{
					"name": "Burglin Boss",
					"chest_unopened_img": "images/kino.png",
					"chest_opened_img": "images/kiyes.png",
					"item_count": 1

				}],
				"map_locations": [{
					"map": "WorldMap",
					"x": 287,
					"y": 113
				}]
			},
			{
				"name": "Chaos Theater",
				"access_rules": [
					"bills, twoson", "bills, mrsaturn, threed"
				],
				"sections": [{
					"name": "Runaway Debt",
					"chest_unopened_img": "images/kino.png",
					"chest_opened_img": "images/kiyes.png",
					"hosted_item": "threed"

				}],
				"map_locations": [{
					"map": "WorldMap",
					"x": 398,
					"y": 62
				}]
			},
			{
				"name": "Cabin in the valley",
				"access_rules": [
					"pencileraser, twoson", "pencileraser, mrsaturn, threed"
				],
				"sections": [{
						"name": "Prisoner's Item",
						"chest_unopened_img": "images/kino.png",
						"chest_opened_img": "images/kiyes.png",
						"item_count": 1

					},
					{
						"name": "Cabin Prisoner",
						"chest_unopened_img": "images/kino.png",
						"chest_opened_img": "images/kiyes.png",
						"access_rules": [
							"bluekey"
						],
						"item_count": 1
					}
				],
				"map_locations": [{
					"map": "WorldMap",
					"x": 170,
					"y": 224
				}]
			},
			{
				"name": "Happy Happy Village",
				"access_rules": [
					"franklinbadge, twoson, pencileraser", "franklinbadge, mrsaturn, threed, pencileraser"
				],
				"sections": [{
					"name": "BlueBlue Leader",
					"chest_unopened_img": "images/kino.png",
					"chest_opened_img": "images/kiyes.png",
					"item_count": 1

				}],
				"map_locations": [{
					"map": "WorldMap",
					"x": 123,
					"y": 293
				}]
			},
			{
				"name": "Strange Non-Blue Place",
				"access_rules": [
					"twoson, pencileraser", "mrsaturn, threed, pencileraser"
				],
				"sections": [{
					"name": "Lilliput Steps",
					"chest_unopened_img": "images/kino.png",
					"chest_opened_img": "images/kiyes.png",
					"hosted_item": "lilliput"

				}],
				"map_locations": [{
					"map": "WorldMap",
					"x": 211,
					"y": 250
				}]
			},
			{
				"name": "Threed North Graveyard",
				"access_rules": [
					"threed", "mrsaturn, twoson", "mrsaturn, fourside"
				],
				"sections": [{
						"name": "Threed Prisoner",
						"chest_unopened_img": "images/kino.png",
						"chest_opened_img": "images/kiyes.png",
						"item_count": 1

					},
					{
						"name": "UFO Engine",
						"chest_unopened_img": "images/kino.png",
						"chest_opened_img": "images/kiyes.png",
						"access_rules": [
							"skyrunner"
						],
						"hosted_item": "summers"
					}
				],
				"map_locations": [{
					"map": "WorldMap",
					"x": 607,
					"y": 33
				}]
			},
			{
				"name": "Threed Tent",
				"access_rules": [
					"jeff, threed", "mrsaturn, jeff", "mrsaturn, twoson, jeff", "mrsaturn, fourside, jeff"
				],
				"sections": [{
					"name": "Tent Boss",
					"chest_unopened_img": "images/kino.png",
					"chest_opened_img": "images/kiyes.png",
					"item_count": 1

				}],
				"map_locations": [{
					"map": "WorldMap",
					"x": 536,
					"y": 158
				}]
			},
			{
				"name": "Threed West Graveyard",
				"access_rules": [
					"zombiepaper, threed", "zombiepaper, mrsaturn", "mrsaturn, twoson, zombiepaper", "mrsaturn, fourside, zombiepaper"
				],
				"sections": [{
					"name": "Tunnel to Saturn Valley",
					"chest_unopened_img": "images/kino.png",
					"chest_opened_img": "images/kiyes.png",
					"hosted_item": "saturnvalley"

				}],
				"map_locations": [{
					"map": "WorldMap",
					"x": 553,
					"y": 20
				}]
			},
			{
				"name": "Winters Shop",
				"access_rules": [
					"winters"
				],
				"sections": [{
					"name": "Bubblegum Saleswoman",
					"chest_unopened_img": "images/kino.png",
					"chest_opened_img": "images/kiyes.png",
					"item_count": 1

				}],
				"map_locations": [{
					"map": "WorldMap",
					"x": 398,
					"y": 298
				}]
			},
			{
				"name": "Andonut's Lab",
				"access_rules": [
					"winters, gum"
				],
				"sections": [{
					"name": "Nameless Mouse",
					"chest_unopened_img": "images/kino.png",
					"chest_opened_img": "images/kiyes.png",
					"item_count": 1

				}],
				"map_locations": [{
					"map": "WorldMap",
					"x": 536,
					"y": 359
				}]
			},
			{
				"name": "Stonehenge",
				"access_rules": [
					"winters, gum, eraser"
				],
				"sections": [{
					"name": "Stonehenge Base",
					"chest_unopened_img": "images/kino.png",
					"chest_opened_img": "images/kiyes.png",
					"item_count": 1

				}],
				"map_locations": [{
					"map": "WorldMap",
					"x": 541,
					"y": 260
				}]
			},
			{
				"name": "Winters Cave",
				"access_rules": [
					"winters, gum"
				],
				"sections": [{
					"name": "Rainy Circle ",
					"hosted_item": "rainycircle"

				}],
				"map_locations": [{
					"map": "WorldMap",
					"x": 562,
					"y": 217

				}]
			},
			{
				"name": "Grapefruit Falls",
				"access_rules": [
					"saturnvalley, flyhoney"
				],
				"sections": [{
					"name": "Factory Boss",
					"hosted_item": "mrsaturn"
				},
				
				],
				"map_locations": [{
					"map": "WorldMap",
					"x": 811,
					"y": 221

				}]
			},
			{
				"name": "Saturn Valley Cave",
				"access_rules": [
					"saturnvalley, mrsaturn"
				],
				"sections": [{
					"name": "Milky Well",
					"hosted_item": "milkywell"

				}],
				"map_locations": [{
					"map": "WorldMap",
					"x": 849,
					"y": 210
				}]
			},
			{
				"name": "Saturn Valley",
				"access_rules": [
					"saturnvalley, mrsaturn"
				],
				"sections": [{
					"name": "Saturn Coffee",
					"chest_unopened_img": "images/kino.png",
					"chest_opened_img": "images/kiyes.png",
					"item_count": 1

				}],
				"map_locations": [{
					"map": "WorldMap",
					"x": 856,
					"y": 234
				}]
			},
			{
				"name": "Phase Distorter",
				"access_rules": [
					"saturnvalley, meteorite"
				],
				"sections": [{
					"name": "Star Master",
					"chest_unopened_img": "images/kino.png",
					"chest_opened_img": "images/kiyes.png",
					"item_count": 1

				}],
				"map_locations": [{
					"map": "WorldMap",
					"x": 785,
					"y": 305
				}]
			},
			{
				"name": "Mole Cave Mines",
				"access_rules": [
					"dustydunes", "fourside", "mrsaturn, threed"
				],
				"sections": [{
					"name": "Mine Treasure",
					"chest_unopened_img": "images/kino.png",
					"chest_opened_img": "images/kiyes.png",
					"item_count": 1

				}],
				"map_locations": [{
					"map": "WorldMap",
					"x": 370,
					"y": 440
				}]
			},
			{
				"name": "Monkey Caves",
				"access_rules": [
					"dustydunes, talahramah, pencileraser", "fourside, talahramah, pencileraser", "mrsaturn, threed, talahramah, pencileraser"
				],
				"sections": [{
					"name": "Talah Ramah Reward",
					"chest_unopened_img": "images/kino.png",
					"chest_opened_img": "images/kiyes.png",
					"item_count": 2

				}],
				"map_locations": [{
					"map": "WorldMap",
					"x": 146,
					"y": 404
				}]
			},
			{
				"name": "Moonside",
				"access_rules": [
					"fourside", "dustydunes", "mrsaturn, threed"
				],
				"sections": [{
					"name": "Moonside Reward",
					"chest_unopened_img": "images/kino.png",
					"chest_opened_img": "images/kiyes.png",
					"item_count": 1

				}],
				"map_locations": [{
					"map": "WorldMap",
					"x": 735,
					"y": 51
				}]
			},
			{
				"name": "Monotoli Building",
				"access_rules": [
					"fourside, troutyogurt", "dustydunes, troutyogurt", "mrsaturn, threed, troutyogurt"
				],
				"sections": [{
					"name": "Monotoli Prisoner",
					"chest_unopened_img": "images/kino.png",
					"chest_opened_img": "images/kiyes.png",
					"item_count": 2

				}],
				"map_locations": [{
					"map": "WorldMap",
					"x": 845,
					"y": 84
				}]
			},
			{
				"name": "Topollo Theater",
				"access_rules": [
					"fourside, diamond", "dustydunes, diamond", "mrsaturn, threed, diamond"
				],
				"sections": [{
					"name": "Runaway Debt 2",
					"chest_unopened_img": "images/kino.png",
					"chest_opened_img": "images/kiyes.png",
					"hosted_item": "threed",
					"item_count": 1

				}],
				"map_locations": [{
					"map": "WorldMap",
					"x": 793,
					"y": 142
				}]
			},
			{
				"name": "Fourside Museum",
				"access_rules": [
					"fourside, banana", "dustydunes, banana", "mrsaturn, threed, banana"
				],
				"sections": [{
					"name": "Museum Sewers",
					"chest_unopened_img": "images/kino.png",
					"chest_opened_img": "images/kiyes.png",
					"hosted_item": "magnethill",
					"item_count": 1

				}],
				"map_locations": [{
					"map": "WorldMap",
					"x": 815,
					"y": 104
				}]
			},
			{
				"name": "Stoic Club",
				"access_rules": [
					"summers"
				],
				"sections": [{
					"name": "Magic Cake",
					"chest_unopened_img": "images/kino.png",
					"chest_opened_img": "images/kiyes.png",
					"hosted_item": "cakelady",
					"item_count": 1

				}],
				"map_locations": [{
					"map": "WorldMap",
					"x": 140,
					"y": 532
				}]
			},
			{
				"name": "Summers Museum",
				"access_rules": [
					"summers, tinyruby"
				],
				"sections": [{
					"name": "Museum Reward",
					"chest_unopened_img": "images/kino.png",
					"chest_opened_img": "images/kiyes.png",
					"item_count": 1

				}],
				"map_locations": [{
					"map": "WorldMap",
					"x": 240,
					"y": 509
				}]
			},
			{
				"name": "Summers Docks",
				"access_rules": [
					"cakelady"
				],
				"sections": [{
					"name": "Boat to Scaraba",
					"chest_unopened_img": "images/kino.png",
					"chest_opened_img": "images/kiyes.png",
					"hosted_item": "scaraba"

				}],
				"map_locations": [{
					"map": "WorldMap",
					"x": 399,
					"y": 536
				}]
			},
			{
				"name": "Dalaam Palace",
				"access_rules": [
					"dalaam"
				],
				"sections": [{
					"name": "Dalaam Royalty",
					"chest_unopened_img": "images/kino.png",
					"chest_opened_img": "images/kiyes.png",
					"item_count": 1

				}],
				"map_locations": [{
					"map": "WorldMap",
					"x": 786,
					"y": 424
				}]
			},
			{
				"name": "Mu Training",
				"access_rules": [
					"dalaam, poo"
				],
				"sections": [{
					"name": "Trial of Nothingness",
					"chest_unopened_img": "images/kino.png",
					"chest_opened_img": "images/kiyes.png",
					"item_count": 1

				}],
				"map_locations": [{
					"map": "WorldMap",
					"x": 895,
					"y": 495
				}]
			},
			{
				"name": "Dalaam Cave",
				"access_rules": [
					"dalaam, carrotkey"
				],
				"sections": [{
					"name": "Pink Cloud",
					"chest_unopened_img": "images/kino.png",
					"chest_opened_img": "images/kiyes.png",
					"hosted_item": "pinkcloud"

				}],
				"map_locations": [{
					"map": "WorldMap",
					"x": 730,
					"y": 582
				}]
			},
			{
				"name": "Pyramid",
				"access_rules": [
					"scaraba, heiroglyph"
				],
				"sections": [{
					"name": "Pyramid Treasure",
					"chest_unopened_img": "images/kino.png",
					"chest_opened_img": "images/kiyes.png",
					"item_count": 1

				}],
				"map_locations": [{
					"map": "WorldMap",
					"x": 641,
					"y": 460
				}]
			},
			{
				"name": "Outside Pyramid",
				"access_rules": [
					"scaraba, heiroglyph"
				],
				"sections": [{
					"name": "Star Master",
					"chest_unopened_img": "images/kino.png",
					"chest_opened_img": "images/kiyes.png",
					"item_count": 1

				}],
				"map_locations": [{
					"map": "WorldMap",
					"x": 632,
					"y": 544
				}]
			},
			{
				"name": "Dungeon Man",
				"access_rules": [
					"scaraba, heiroglyph"
				],
				"sections": [{
					"name": "Yellow Submarine",
					"chest_unopened_img": "images/kino.png",
					"chest_opened_img": "images/kiyes.png",
					"hosted_item": "deepdarkness"

				}],
				"map_locations": [{
					"map": "WorldMap",
					"x": 601,
					"y": 555
				}]
			},
			{
				"name": "Tenda Village",
				"access_rules": [
					"deepdarkness, hawkeye, shynessbook", "tendavillage, shynessbook"
				],
				"sections": [{
					"name": "Tenda Chief",
					"chest_unopened_img": "images/kino.png",
					"chest_opened_img": "images/kiyes.png",
					"item_count":1

				}],
				"map_locations": [{
					"map": "WorldMap",
					"x": 355,
					"y": 706
				}]
			},
			{
				"name": "Tenda Tea",
				"access_rules": [
					"deepdarkness, hawkeye, shynessbook", "tendavillage, shynessbook"
				],
				"sections": [{
					"name": "Tenda Experience",
					"chest_unopened_img": "images/kino.png",
					"chest_opened_img": "images/kiyes.png",
					"item_count":1

				}],
				"map_locations": [{
					"map": "WorldMap",
					"x": 323,
					"y": 706
				}]
			},
			{
				"name": "Lumine Hole",
				"access_rules": [
					"deepdarkness, hawkeye, shynessbook", "tendavillage, shynessbook"
				],
				"sections": [{
					"name": "Lumine Hall",
					"chest_unopened_img": "images/kino.png",
					"chest_opened_img": "images/kiyes.png",
					"hosted_item": "luminehall"

				}],
				"map_locations": [{
					"map": "WorldMap",
					"x": 257,
					"y": 731
				}]
			},
			{
				"name": "Lost Underworld",
				"access_rules": [
					"lostunderworld, tendakraut", "luminehall, tendakraut"
				],
				"sections": [{
					"name": "Talking Rock",
					"chest_unopened_img": "images/kino.png",
					"chest_opened_img": "images/kiyes.png",
					"item_count": 1

				}],
				"map_locations": [{
					"map": "WorldMap",
					"x": 559,
					"y": 644
				}]
			},
			{
				"name": "Lost Underworld Cave",
				"access_rules": [
					"lostunderworld", "luminehall"
				],
				"sections": [{
					"name": "Fire Spring",
					"chest_unopened_img": "images/kino.png",
					"chest_opened_img": "images/kiyes.png",
					"hosted_item": "firespring"

				}],
				"map_locations": [{
					"map": "WorldMap",
					"x": 467,
					"y": 732
				}]
			},
			{
				"name": "Deep Darkness",
				"access_rules": [
					"hawkeye, deepdarkness"
				],
				"sections": [{
					"name": "Swamp Kid",
					"chest_unopened_img": "images/kino.png",
					"chest_opened_img": "images/kiyes.png",
					"item_count": 1

				}],
				"map_locations": [{
					"map": "WorldMap",
					"x": 97,
					"y": 678
				}]
			},
			{
				"name": "Magicant",
				"access_rules": [
					"magicant"
				],
				"sections": [{
					"name": "Magicant Nightmare",
					"chest_unopened_img": "images/kino.png",
					"chest_opened_img": "images/kiyes.png",
					"item_count": 1

				}],
				"map_locations": [{
					"map": "WorldMap",
					"x": 740,
					"y": 630
				}]
			}

		]
	}]
}]