[{
	"name": "All Locations",
	"children": [{
		"name": "WorldMap",
		"color": "#b82800",
		"access_rules": [
			""
		],
		"children": [{
				"name": "Onett",
				"access_rules": [
					"policebadge"
				],
				"sections": [{
					"name": "Police Boss",
					"chest_unopened_img": "images/kino.png",
					"chest_opened_img": "images/kiyes.png",
					"hosted_item": "twoson"
				}],
				"map_locations": [{
					"map": "WorldMap",
					"x": 741,
					"y": 832
				}]
			},
			{
				"name": "Onett",
				"access_rules": [
					""
				],
				"sections": [{
					"name": "Arcade Boss",
					"chest_unopened_img": "images/kino.png",
					"chest_opened_img": "images/kiyes.png",
					"hosted_item": "arcade"
				}],
				"map_locations": [{
					"map": "WorldMap",
					"x": 536,
					"y": 793
				}]
			},
			{
				"name": "Onett",
				"access_rules": [
					"arcade"
				],
				"sections": [{
					"name": "Town Hall Mayor",
					"chest_unopened_img": "images/kino.png",
					"chest_opened_img": "images/kiyes.png",
					"item_count": 1
				}],
				"map_locations": [{
					"map": "WorldMap",
					"x": 562,
					"y": 648
				}]
			},
			{
				"name": "Character",
				"access_rules": [
					"jeff"
				],
				"sections": [{
					"name": "Jeff's Item",
					"chest_unopened_img": "images/kino.png",
					"chest_opened_img": "images/kiyes.png",
					"item_count": 1
				}],
				"map_locations": [{
					"map": "WorldMap",
					"x": 3670,
					"y": 1976
				}]
			},
			{
				"name": "Character",
				"access_rules": [
					"poo"
				],
				"sections": [{
					"name": "Poo's Item",
					"chest_unopened_img": "images/kino.png",
					"chest_opened_img": "images/kiyes.png",
					"item_count": 1
				}],
				"map_locations": [{
					"map": "WorldMap",
					"x": 3670,
					"y": 2140
				}]
			},
			{
				"name": "Onett",
				"access_rules": [
					""
				],
				"sections": [{
					"name": "Meteorite",
					"chest_unopened_img": "images/kino.png",
					"chest_opened_img": "images/kiyes.png",
					"item_count": 1
				}],
				"map_locations": [{
					"map": "WorldMap",
					"x": 770,
					"y": 52
				}]
			},
			{
				"name": "Onett",
				"access_rules": [
					""
				],
				"sections": [{
					"name": "Buzz Buzz",
					"chest_unopened_img": "images/kino.png",
					"chest_opened_img": "images/kiyes.png",
					"item_count": 1

				}],
				"map_locations": [{
					"map": "WorldMap",
					"x": 930,
					"y": 154
				}]
			},
			{
				"name": "Onett Library",
				"access_rules": [
					""
				],
				"sections": [{
					"name": "Bookshelf",
					"chest_unopened_img": "images/kino.png",
					"chest_opened_img": "images/kiyes.png",
					"item_count": 1

				}],
				"map_locations": [{
					"map": "WorldMap",
					"x": 798,
					"y": 410
				}]
			},
			{
				"name": "Onett",
				"access_rules": [
					""
				],
				"sections": [{
					"name": "Lier's basement",
					"chest_unopened_img": "images/kino.png",
					"chest_opened_img": "images/kiyes.png",
					"item_count": 1

				}],
				"map_locations": [{
					"map": "WorldMap",
					"x": 650,
					"y": 40
				}]
			},

			{
				"name": "Onett",
				"access_rules": [
					"shackkey"
				],
				"sections": [{
					"name": "Giant Step",
					"chest_unopened_img": "images/kino.png",
					"chest_opened_img": "images/kiyes.png",
					"hosted_item": "giantstep"

				}],
				"map_locations": [{
					"map": "WorldMap",
					"x": 457,
					"y": 264
				}]
			},
			{
				"name": "Twoson",
				"access_rules": [
					"twoson", "mrsaturn"
				],
				"sections": [{
					"name": "Apple Kid Food/$200",
					"chest_unopened_img": "images/kino.png",
					"chest_opened_img": "images/kiyes.png",
					"hosted_item": "applekidhouse"


				}],
				"map_locations": [{
					"map": "WorldMap",
					"x": 760,
					"y": 2306
				}]
			},
			{
				"name": "Twoson",
				"access_rules": [
					"applekidhouse"
				],
				"sections": [{
					"name": "Apple Kid - Park",
					"chest_unopened_img": "images/kino.png",
					"chest_opened_img": "images/kiyes.png",
					"item_count": 1

				}],
				"map_locations": [{
					"map": "WorldMap",
					"x": 456,
					"y": 2178
				}]
			},
			{
				"name": "Twoson",
				"access_rules": [
					"paula,twoson", "paula,mrsaturn"
				],
				"sections": [{
					"name": "Everdred",
					"chest_unopened_img": "images/kino.png",
					"chest_opened_img": "images/kiyes.png",
					"item_count": 1

				}],
				"map_locations": [{
					"map": "WorldMap",
					"x": 480,
					"y": 2089
				}]
			},
			{
				"name": "Twoson",
				"access_rules": [
					"bills, twoson"
				],
				"sections": [{
					"name": "Chaos Theater",
					"chest_unopened_img": "images/kino.png",
					"chest_opened_img": "images/kiyes.png",
					"hosted_item": "threed"

				}],
				"map_locations": [{
					"map": "WorldMap",
					"x": 916,
					"y": 1901
				}]
			},
			{
				"name": "Happy Happy Village",
				"access_rules": [
					"pencileraser, twoson"
				],
				"sections": [{
						"name": "Cabin Item",
						"chest_unopened_img": "images/kino.png",
						"chest_opened_img": "images/kiyes.png",
						"item_count": 1

					},
					{
						"name": "Cabin Prisoner",
						"chest_unopened_img": "images/kino.png",
						"chest_opened_img": "images/kiyes.png",
						"access_rules": [
							"bluekey"
						],
						"item_count": 1
					}
				],
				"map_locations": [{
					"map": "WorldMap",
					"x": 2519,
					"y": 1676
				}]
			},
			{
				"name": "Happy Happy Village",
				"access_rules": [
					"franklinbadge, twoson, pencileraser"
				],
				"sections": [{
					"name": "BlueBlue Leader",
					"chest_unopened_img": "images/kino.png",
					"chest_opened_img": "images/kiyes.png",
					"item_count": 1

				}],
				"map_locations": [{
					"map": "WorldMap",
					"x": 2841,
					"y": 2047
				}]
			},
			{
				"name": "Happy Happy Village",
				"access_rules": [
					"twoson, pencileraser"
				],
				"sections": [{
					"name": "Lilliput Steps",
					"chest_unopened_img": "images/kino.png",
					"chest_opened_img": "images/kiyes.png",
					"hosted_item": "lilliput"

				}],
				"map_locations": [{
					"map": "WorldMap",
					"x": 3024,
					"y": 1959
				}]
			},
			{
				"name": "Threed",
				"access_rules": [
					"threed", "mrsaturn"
				],
				"sections": [{
						"name": "Threed Prisoner",
						"chest_unopened_img": "images/kino.png",
						"chest_opened_img": "images/kiyes.png",
						"item_count": 1

					},
					{
						"name": "UFO Engine",
						"chest_unopened_img": "images/kino.png",
						"chest_opened_img": "images/kiyes.png",
						"access_rules": [
							"skyrunner"
						],
						"hosted_item": "summers"
					}
				],
				"map_locations": [{
					"map": "WorldMap",
					"x": 1319,
					"y": 2572
				}]
			},
			{
				"name": "Threed",
				"access_rules": [
					"jeff, threed", "mrsaturn, jeff"
				],
				"sections": [{
					"name": "Boogey Tent",
					"chest_unopened_img": "images/kino.png",
					"chest_opened_img": "images/kiyes.png",
					"item_count": 1

				}],
				"map_locations": [{
					"map": "WorldMap",
					"x": 1047,
					"y": 3120
				}]
			},
			{
				"name": "Threed",
				"access_rules": [
					"zombiepaper, threed", "zombiepaper, mrsaturn"
				],
				"sections": [{
					"name": "Tunnel to Saturn Valley",
					"chest_unopened_img": "images/kino.png",
					"chest_opened_img": "images/kiyes.png",
					"hosted_item": "saturnvalley"

				}],
				"map_locations": [{
					"map": "WorldMap",
					"x": 966,
					"y": 2458
				}]
			},
			{
				"name": "Winters",
				"access_rules": [
					"winters"
				],
				"sections": [{
					"name": "Bubblegum Saleswoman",
					"chest_unopened_img": "images/kino.png",
					"chest_opened_img": "images/kiyes.png",
					"item_count": 1

				}],
				"map_locations": [{
					"map": "WorldMap",
					"x": 2184,
					"y": 130
				}]
			},
			{
				"name": "Winters",
				"access_rules": [
					"winters, gum"
				],
				"sections": [{
					"name": "Nameless Mouse",
					"chest_unopened_img": "images/kino.png",
					"chest_opened_img": "images/kiyes.png",
					"item_count": 1

				}],
				"map_locations": [{
					"map": "WorldMap",
					"x": 1986,
					"y": 1344
				}]
			},
			{
				"name": "Winters",
				"access_rules": [
					"winters, gum, eraser"
				],
				"sections": [{
					"name": "Stonehenge",
					"chest_unopened_img": "images/kino.png",
					"chest_opened_img": "images/kiyes.png",
					"item_count": 1

				}],
				"map_locations": [{
					"map": "WorldMap",
					"x": 1996,
					"y": 1128
				}]
			},
			{
				"name": "Winters",
				"access_rules": [
					"winters, gum"
				],
				"sections": [{
					"name": "Rainy Circle ",
					"hosted_item": "rainycircle"

				}],
				"map_locations": [{
					"map": "WorldMap",
					"x": 2150,
					"y": 1338

				}]
			},
			{
				"name": "Grapefruit Falls",
				"access_rules": [
					"saturnvalley, flyhoney"
				],
				"sections": [{
					"name": "Defeat Factory Boss",
					"hosted_item": "mrsaturn"

				},
				{
					"name": "Defeat Factory Boss",
					"hosted_item": "twoson"
				},
				{
					"name": "Defeat Factory Boss",
					"hosted_item": "threed"
				},
				{
					"name": "Defeat Factory Boss",
					"hosted_item": "fourside"

				},
				{
					"name": "Defeat Factory Boss",
					"hosted_item": "dustydunes"

				}
				],
				"map_locations": [{
					"map": "WorldMap",
					"x": 1260,
					"y": 997

				}]
			},
			{
				"name": "Saturn Valley",
				"access_rules": [
					"saturnvalley, mrsaturn"
				],
				"sections": [{
					"name": "Milky Well",
					"hosted_item": "milkywell"

				}],
				"map_locations": [{
					"map": "WorldMap",
					"x": 1720,
					"y": 871
				}]
			},
			{
				"name": "Saturn Valley",
				"access_rules": [
					"saturnvalley, mrsaturn"
				],
				"sections": [{
					"name": "Saturn Coffee",
					"chest_unopened_img": "images/kino.png",
					"chest_opened_img": "images/kiyes.png",
					"item_count": 1

				}],
				"map_locations": [{
					"map": "WorldMap",
					"x": 1728,
					"y": 912
				}]
			},
			{
				"name": "Saturn Valley",
				"access_rules": [
					"saturnvalley, meteorite"
				],
				"sections": [{
					"name": "Star Master",
					"chest_unopened_img": "images/kino.png",
					"chest_opened_img": "images/kiyes.png",
					"item_count": 1

				}],
				"map_locations": [{
					"map": "WorldMap",
					"x": 1623,
					"y": 1029
				}]
			},
			{
				"name": "Dusty Dunes",
				"access_rules": [
					"dustydunes", "fourside"
				],
				"sections": [{
					"name": "Mines",
					"chest_unopened_img": "images/kino.png",
					"chest_opened_img": "images/kiyes.png",
					"item_count": 1

				}],
				"map_locations": [{
					"map": "WorldMap",
					"x": 3335,
					"y": 2813
				}]
			},
			{
				"name": "Dusty Dunes",
				"access_rules": [
					"dustydunes, talahramah, pencileraser", "fourside, talahramah, pencileraser"
				],
				"sections": [{
					"name": "Monkey Caves",
					"chest_unopened_img": "images/kino.png",
					"chest_opened_img": "images/kiyes.png",
					"item_count": 2

				}],
				"map_locations": [{
					"map": "WorldMap",
					"x": 2274,
					"y": 2856
				}]
			},
			{
				"name": "Fourside",
				"access_rules": [
					"fourside", "dustydunes"
				],
				"sections": [{
					"name": "Moonside",
					"chest_unopened_img": "images/kino.png",
					"chest_opened_img": "images/kiyes.png",
					"item_count": 1

				}],
				"map_locations": [{
					"map": "WorldMap",
					"x": 4107,
					"y": 2384
				}]
			},
			{
				"name": "Fourside",
				"access_rules": [
					"fourside, troutyogurt", "dustydunes, troutyogurt"
				],
				"sections": [{
					"name": "Monotoli Prisoner",
					"chest_unopened_img": "images/kino.png",
					"chest_opened_img": "images/kiyes.png",
					"item_count": 2

				}],
				"map_locations": [{
					"map": "WorldMap",
					"x": 4531,
					"y": 2517
				}]
			},
			{
				"name": "Fourside",
				"access_rules": [
					"fourside, diamond", "dustydunes, diamond"
				],
				"sections": [{
					"name": "Topollo Theater",
					"chest_unopened_img": "images/kino.png",
					"chest_opened_img": "images/kiyes.png",
					"hosted_item": "threed",
					"item_count": 1

				}],
				"map_locations": [{
					"map": "WorldMap",
					"x": 4318,
					"y": 2748
				}]
			},
			{
				"name": "Fourside",
				"access_rules": [
					"fourside, banana", "dustydunes, banana"
				],
				"sections": [{
					"name": "Museum Sewers",
					"chest_unopened_img": "images/kino.png",
					"chest_opened_img": "images/kiyes.png",
					"hosted_item": "magnethill",
					"item_count": 1

				}],
				"map_locations": [{
					"map": "WorldMap",
					"x": 4420,
					"y": 2592
				}]
			},
			{
				"name": "Summers",
				"access_rules": [
					"summers"
				],
				"sections": [{
					"name": "Get Stoic Number",
					"chest_unopened_img": "images/kino.png",
					"chest_opened_img": "images/kiyes.png",
					"hosted_item": "stoic"

				}],
				"map_locations": [{
					"map": "WorldMap",
					"x": 4178,
					"y": 102
				}]
			},
			{
				"name": "Summers",
				"access_rules": [
					"summers, stoic"
				],
				"sections": [{
					"name": "Stoic Club",
					"chest_unopened_img": "images/kino.png",
					"chest_opened_img": "images/kiyes.png",
					"hosted_item": "cakelady"

				}],
				"map_locations": [{
					"map": "WorldMap",
					"x": 3409,
					"y": 52
				}]
			},
			{
				"name": "Summers",
				"access_rules": [
					"summers, cakelady"
				],
				"sections": [{
					"name": "Magic Cake",
					"chest_unopened_img": "images/kino.png",
					"chest_opened_img": "images/kiyes.png",
					"item_count": 1

				}],
				"map_locations": [{
					"map": "WorldMap",
					"x": 3175,
					"y": 123
				}]
			},
			{
				"name": "Summers",
				"access_rules": [
					"summers, tinyruby"
				],
				"sections": [{
					"name": "Summers Museum",
					"chest_unopened_img": "images/kino.png",
					"chest_opened_img": "images/kiyes.png",
					"item_count": 1

				}],
				"map_locations": [{
					"map": "WorldMap",
					"x": 3587,
					"y": 43
				}]
			},
			{
				"name": "Summers",
				"access_rules": [
					"summers, cakelady"
				],
				"sections": [{
					"name": "Boat to Scaraba",
					"chest_unopened_img": "images/kino.png",
					"chest_opened_img": "images/kiyes.png",
					"hosted_item": "scaraba"

				}],
				"map_locations": [{
					"map": "WorldMap",
					"x": 4213,
					"y": 157
				}]
			},
			{
				"name": "Dalaam",
				"access_rules": [
					"dalaam"
				],
				"sections": [{
					"name": "Dalaam Royalty",
					"chest_unopened_img": "images/kino.png",
					"chest_opened_img": "images/kiyes.png",
					"item_count": 1

				}],
				"map_locations": [{
					"map": "WorldMap",
					"x": 3562,
					"y": 338
				}]
			},
			{
				"name": "Dalaam",
				"access_rules": [
					"dalaam, poo"
				],
				"sections": [{
					"name": "Mu Training",
					"chest_unopened_img": "images/kino.png",
					"chest_opened_img": "images/kiyes.png",
					"item_count": 1

				}],
				"map_locations": [{
					"map": "WorldMap",
					"x": 3774,
					"y": 485
				}]
			},
			{
				"name": "Dalaam",
				"access_rules": [
					"dalaam, carrotkey"
				],
				"sections": [{
					"name": "Pink Cloud",
					"chest_unopened_img": "images/kino.png",
					"chest_opened_img": "images/kiyes.png",
					"hosted_item": "pinkcloud"

				}],
				"map_locations": [{
					"map": "WorldMap",
					"x": 3449,
					"y": 657
				}]
			},
			{
				"name": "Scaraba",
				"access_rules": [
					"scaraba, heiroglyph"
				],
				"sections": [{
					"name": "Pyramid Treature",
					"chest_unopened_img": "images/kino.png",
					"chest_opened_img": "images/kiyes.png",
					"item_count": 1

				}],
				"map_locations": [{
					"map": "WorldMap",
					"x": 4241,
					"y": 813
				}]
			},
			{
				"name": "Scaraba",
				"access_rules": [
					"scaraba, heiroglyph"
				],
				"sections": [{
					"name": "Star Master",
					"chest_unopened_img": "images/kino.png",
					"chest_opened_img": "images/kiyes.png",
					"item_count": 1

				}],
				"map_locations": [{
					"map": "WorldMap",
					"x": 4210,
					"y": 1100
				}]
			},
			{
				"name": "Scaraba",
				"access_rules": [
					"scaraba, heiroglyph"
				],
				"sections": [{
					"name": "Star Master",
					"chest_unopened_img": "images/kino.png",
					"chest_opened_img": "images/kiyes.png",
					"item_count": 1

				}],
				"map_locations": [{
					"map": "WorldMap",
					"x": 4210,
					"y": 1100
				}]
			},
			{
				"name": "Scaraba",
				"access_rules": [
					"scaraba, heiroglyph"
				],
				"sections": [{
					"name": "Yellow Submarine",
					"chest_unopened_img": "images/kino.png",
					"chest_opened_img": "images/kiyes.png",
					"hosted_item": "deepdarkness"

				}],
				"map_locations": [{
					"map": "WorldMap",
					"x": 4088,
					"y": 1142
				}]
			},
			{
				"name": "Deep Darkness",
				"access_rules": [
					"deepdarkness, hawkeye", "tendavillage"
				],
				"sections": [{
					"name": "Tenda Village - Entrance",
					"chest_unopened_img": "images/kino.png",
					"chest_opened_img": "images/kiyes.png",
					"hosted_item": "tendavillage"
				}, {
					"name": "Tenda Village - Talking",
					"access_rules": [
					"shynessbook"
					],
					"chest_unopened_img": "images/kino.png",
					"chest_opened_img": "images/kiyes.png",
					"hosted_item": "luminehall",
					"item_count": 2
				}],
				"map_locations": [{
					"map": "WorldMap",
					"x": 3924,
					"y": 1314
				}]
			},
			{
				"name": "Lost Underworld",
				"access_rules": [
					"lostunderworld, tendakraut", "luminehall, tendakraut"
				],
				"sections": [{
					"name": "Talking Rock",
					"chest_unopened_img": "images/kino.png",
					"chest_opened_img": "images/kiyes.png",
					"item_count": 1

				}],
				"map_locations": [{
					"map": "WorldMap",
					"x": 3530,
					"y": 1407
				}]
			},
			{
				"name": "Lost Underworld",
				"access_rules": [
					"lostunderworld", "luminehall"
				],
				"sections": [{
					"name": "Fire Spring",
					"chest_unopened_img": "images/kino.png",
					"chest_opened_img": "images/kiyes.png",
					"hosted_item": "firespring"

				}],
				"map_locations": [{
					"map": "WorldMap",
					"x": 3290,
					"y": 1651
				}]
			},
			{
				"name": "Magicant",
				"access_rules": [
					"magicant"
				],
				"sections": [{
					"name": "Magicant Nightmare",
					"chest_unopened_img": "images/kino.png",
					"chest_opened_img": "images/kiyes.png",
					"item_count": 1

				}],
				"map_locations": [{
					"map": "WorldMap",
					"x": 2792,
					"y": 524
				}]
			}

		]
	}]
}]