{
  "tracker_broadcast": {
    "type": "array",
    "orientation": "vertical",
    "margin": "0,0",
	"background": "#FF00FF",
	//"background": "#000000",
    "content": [
      
    
      {
        "type": "array",
        "orientation": "horizontal",
        "margin": "0,0",
        "content": [
          {
            "type": "itemgrid",
            "item_margin": "1,2",
            "v_alignment": "center",
            "item_size": 32,
            "rows": [
			  [ "paula", "jeff", "poo", "flying", "bear" ],
              [ "meteorite", "shackkey", "shynessbook", "policebadge"],
              [ "bills", "pencileraser", "bluekey", "franklinbadge", ],
              [ "zombiepaper", "flyhoney", "skyrunner"],
			  [ "gum", "eraser"],
              [ "talahramah", "diamond", "troutyogurt", "banana"],
              [ "tinyruby", "heiroglyph", "hawkeye", "tendakraut", "carrotkey"]
                ]
          },
		  {
            "type": "itemgrid",
            "item_margin": "1,2",
            "v_alignment": "center",
            "item_width": 96,
			"item_height": 30,
            "rows": [
			["onett", "twoson","happyhappy"], 
			["threed","fourside","winters"],
			["summers","saturnvalley", "dustydunes"],
			["dalaam", "scaraba","deepdarkness"],
			["tendavillage","lostunderworld", "magicant"]
                ]
          }
        ]
      },
      {
        "type": "array",
        "orientation": "vertical",
        "margin": "0,0",
        "content": [
          {
            "type": "itemgrid",
            "item_margin": "0,0",
            "v_alignment": "left",
			"h_alignment": "left",
            "item_width": 40,
			"rows": [
				["starmanjr", "frank", "frankystein", "titanicant", "cptstrong", "everdred", "carpainter", "mondomole", "boogeytent","minibarf"],
				["belch", "sprout", "guardiandigger", "deptstspook","evilmanimani", "clumsyrobot", "shrooom", "rat","ts", "kraken"],
			  [, "guardiangeneral", "barf", "starmandx", "electrospecter", "carbondog", "nightmare", "pokey" ],
                ]
          }
        ]
      },
      {
        "type": "array",
        "orientation": "horizontal",
        "margin": "0,0",
        "content": [
          {
            "type": "itemgrid",
            "item_margin": "1,2",
            "v_alignment": "left",
            "item_width": 54,
			"item_height": 54,
			"rows": [
			["giantstep", "lilliput", "milkywell", "rainycircle","magnethill", "pinkcloud", "luminehall", "firespring"]
                ]
          }
        ]
      }
    ]
  }
}
