{
  "tracker_broadcast": {
    "type": "array",
    "orientation": "vertical",
    "margin": "0,0",
    "content": [
      {
        "type": "array",
        "orientation": "horizontal",
        "margin": "0,0",
        "content": [
          {
            "type": "itemgrid",
            "item_margin": "1,2",
            "v_alignment": "center",
            "item_size": 32,
            "rows": [
              
                ]
          }
        ]
      },
      {
        "type": "array",
        "orientation": "horizontal",
        "margin": "0,0",
        "content": [
          {
            "type": "itemgrid",
            "item_margin": "1,2",
            "v_alignment": "center",
            "item_size": 32,
            "rows": [
			  [ "paula", "jeff", "poo" ],
              [ "meteorite", "shackkey", "shynessbook", "policebadge"],
              [ "bills", "pencileraser", "bluekey", "franklinbadge", ],
              [ "zombiepaper", "flyhoney", "skyrunner"],
			  [ "gum", "eraser"],
              [ "talahramah", "diamond", "troutyogurt", "banana"],
              [ "tinyruby", "heiroglyph", "hawkeye", "tendakraut", "carrotkey"]
                ]
          }
        ]
      },
      {
        "type": "array",
        "orientation": "horizontal",
        "margin": "1,2",
        "content": [
          {
            "type": "itemgrid",
            "item_margin": "1,2",
            "v_alignment": "center",
            "item_width": 96,
			"item_height": 30,
			"rows": [
				["onett", "twoson"],
				["threed","fourside"], 
				["happyhappy","winters"],
				["summers","saturnvalley"], 
				["dustydunes","dalaam"],
				["scaraba","deepdarkness"],
				["lostunderworld","tendavillage"], 
				["magicant"],
                ]
          }
        ]
      },
      {
        "type": "array",
        "orientation": "horizontal",
        "margin": "0,0",
        "content": [
          {
            "type": "itemgrid",
            "item_margin": "1,2",
            "v_alignment": "left",
            "item_width": 54,
			"item_height": 54,
			"rows": [
			["giantstep", "lilliput", "milkywell", "rainycircle","magnethill", "pinkcloud", "luminehall", "firespring"]
                ]
          }
        ]
      }
    ]
  }
}
